,MAE,RMSE
min_price,2082.8639290971173,4657.981397163222
max_price,2437.29745268914,5955.900283657572
modal_price,2301.7059469152746,5407.244177341937
