,MAE,RMSE
min_price,2471.5761257301174,5522.142210920673
max_price,2873.5036184129026,6967.484341210804
modal_price,2746.18115738539,6380.100380891069
